{
    "prefix": " ",
    "dataset": "omnibenchmark",
    "memory_size": 0,
    "memory_per_class": 0,
    "fixed_memory": false,
    "shuffle": true,
    "init_cls": 30,
    "increment": 30,
    "model_name": "adam_ssf",
    "convnet_type": "pretrained_vit_b16_224_in21k",
    "device": ["0"],
    "seed": [1312],
    
    "tuned_epoch":0,
    "init_lr":0.01,
    "batch_size":256,
    "weight_decay":0.05,
    "min_lr":1e-8,
    "optimizer":"sgd",
    "vpt_type":"shallow",
    "prompt_token_num":3
}

